scaffold,smiles,MW,LogP,HBD,HBA,HBA+HBD,TPSA,RotatableBonds,QED
N1CCN(c2ccc3c([nH]c(-c4cc5ccccc5[nH]c4=O)n3)c2)CC1,CNC(=O)c1c(NC(=O)c2ccco2)sc2c1CCC(C)C2,318.39800000000014,3.0778000000000016,2,4,6,71.34,3,0.9133351679598543
N1CCN(c2ccc3c([nH]c(-c4cc5ccccc5[nH]c4=O)n3)c2)CC1,CCC(C)NS(=O)(=O)c1ccc(C(=O)Nc2cc(C)on2)cc1,337.40100000000007,2.31212,2,5,7,101.3,6,0.8420832800910556
N1CCN(c2ccc3c([nH]c(-c4cc5ccccc5[nH]c4=O)n3)c2)CC1,COc1ccc(NC(C)=O)cc1NC(=O)c1ccc(C#N)cc1,309.32500000000005,2.7775800000000004,2,4,6,91.22,4,0.9081422108984547
N1CCN(c2ccc3c([nH]c(-c4cc5ccccc5[nH]c4=O)n3)c2)CC1,Cc1cc(C)n(CC(=O)Nc2sc3c(c2C(N)=O)CCC(C)C3)n1,346.4560000000002,2.42384,2,5,7,90.01,4,0.8906664622197074
N1CCN(c2ccc3c([nH]c(-c4cc5ccccc5[nH]c4=O)n3)c2)CC1,CC(=O)Nc1ccc(OCC(=O)NCc2ccccc2C)cc1,312.369,2.64862,2,3,5,67.42999999999999,6,0.8614573850463193
N1CCN(c2ccc3c([nH]c(-c4cc5ccccc5[nH]c4=O)n3)c2)CC1,CC1Oc2ccc(NC(=O)c3ccc4c(c3)OCO4)cc2NC1=O,326.30800000000005,2.3869999999999996,2,5,7,85.89000000000001,2,0.8848289564157823
N1CCN(c2ccc3c([nH]c(-c4cc5ccccc5[nH]c4=O)n3)c2)CC1,COC(=O)c1c(NC(=O)c2cccnc2O)sc2c1CCCC2,332.38100000000026,2.766400000000001,2,6,8,88.52,3,0.8438438316002994
N1CCN(c2ccc3c([nH]c(-c4cc5ccccc5[nH]c4=O)n3)c2)CC1,CCC(C)NC(=O)c1cc(Cl)ccc1NC(=O)c1ccco1,320.77600000000007,3.7136000000000022,2,3,5,71.34,5,0.8817223674107317
N1CCN(c2ccc3c([nH]c(-c4cc5ccccc5[nH]c4=O)n3)c2)CC1,Cc1ccc(SCC(=O)Nc2nc(C)c(CCO)s2)cc1,322.455,3.0255400000000012,2,5,7,62.22,6,0.8026025823669641
N1CCN(c2ccc3c([nH]c(-c4cc5ccccc5[nH]c4=O)n3)c2)CC1,CCOC(=O)c1[nH]c(C)c(C(=O)NC(C)c2ccccc2)c1C,314.38500000000005,3.299240000000002,2,3,5,71.19,5,0.8318500410661582
N1CCN(c2ccc3c([nH]c(-c4cc5ccccc5[nH]c4=O)n3)c2)CC1,Cc1cccc(NC(=O)CCNS(=O)(=O)c2c(C)nsc2C)c1C,367.4960000000001,2.683880000000001,2,5,7,88.16000000000001,6,0.8215204209840784
N1CCN(c2ccc3c([nH]c(-c4cc5ccccc5[nH]c4=O)n3)c2)CC1,CC(=O)Nc1ccc(S(=O)(=O)Nc2ccc(C)cc2F)cc1,322.361,2.893320000000001,2,3,5,75.27,4,0.9086058066810001
N1CCN(c2ccc3c([nH]c(-c4cc5ccccc5[nH]c4=O)n3)c2)CC1,Cc1ccc(CN2CC(C(=O)Nc3nc4ccccc4[nH]3)CC2=O)cc1,348.4060000000001,2.8585200000000004,2,3,5,78.09,4,0.7609213450620118
N1CCN(c2ccc3c([nH]c(-c4cc5ccccc5[nH]c4=O)n3)c2)CC1,Cc1cc(C)n(Cc2cc(C(=O)NCc3ccsc3)n[nH]2)n1,315.402,2.2628399999999997,2,5,7,75.6,5,0.758110169333822
N1CCN(c2ccc3c([nH]c(-c4cc5ccccc5[nH]c4=O)n3)c2)CC1,Cc1ccc(S(=O)(=O)NCCC(=O)Nc2ccc(C)cn2)cc1,333.41300000000007,2.00554,2,4,6,88.16,6,0.8461955611697165
N1CCN(c2ccc3c([nH]c(-c4cc5ccccc5[nH]c4=O)n3)c2)CC1,COc1ccc(-c2oc3cc(O)ccc3c(=O)c2O)cc1OC,314.29300000000006,2.8884000000000016,2,6,8,89.13000000000001,3,0.7724597953185255
N1CCN(c2ccc3c([nH]c(-c4cc5ccccc5[nH]c4=O)n3)c2)CC1,COc1ccc(C)cc1NC(=O)NCc1nnc2ccccn12,311.34499999999997,2.3680200000000005,2,5,7,80.55,4,0.7749086809698417
N1CCN(c2ccc3c([nH]c(-c4cc5ccccc5[nH]c4=O)n3)c2)CC1,Cc1nc2ccc(NC(=O)CCNC(=O)c3ccco3)cc2s1,329.38100000000003,2.9563200000000007,2,5,7,84.23,5,0.7535453151428422
N1CCN(c2ccc3c([nH]c(-c4cc5ccccc5[nH]c4=O)n3)c2)CC1,Cc1nnc(NC(=O)c2cccc(NC(=O)C(C)(C)C)c2)s1,318.40200000000004,3.083420000000001,2,5,7,83.97999999999999,3,0.9105912725482979
N1CCN(c2ccc3c([nH]c(-c4cc5ccccc5[nH]c4=O)n3)c2)CC1,CC1=C(C(N)=O)C(c2ccncc2)n2nc(-c3ccccc3)cc2N1,331.379,2.7193000000000005,2,5,7,85.83000000000001,3,0.7725072945415086
N1CCN(c2ccc3c([nH]c(-c4cc5ccccc5[nH]c4=O)n3)c2)CC1,Cc1ccc(N2CC(NC(=O)c3ccc4c(c3)CCC(=O)N4)CC2=O)cc1,363.4170000000001,2.41502,2,3,5,78.51,3,0.8790239717801969
N1CCN(c2ccc3c([nH]c(-c4cc5ccccc5[nH]c4=O)n3)c2)CC1,CCOC(=O)C1=C(C)NC(C)=C(C(=O)OCC)C1c1c[nH]nc1C,333.38800000000003,2.07912,2,6,8,93.30999999999999,5,0.8014659363517677
N1CCN(c2ccc3c([nH]c(-c4cc5ccccc5[nH]c4=O)n3)c2)CC1,CC(=O)Nc1ccc(Nc2ncnc3ccc(Cl)cc23)cc1,312.76000000000005,3.9852000000000016,2,4,6,66.91,3,0.7672193367648068
N1CCN(c2ccc3c([nH]c(-c4cc5ccccc5[nH]c4=O)n3)c2)CC1,CC(=O)Nc1ccc(NC(=O)Nc2ccc(C)c(Cl)c2)cc1,317.776,4.250820000000002,3,2,5,70.23,3,0.7916059750853235
N1CCN(c2ccc3c([nH]c(-c4cc5ccccc5[nH]c4=O)n3)c2)CC1,Cc1ccc(CNC(=O)c2cccc(NC(=O)C(C)(C)C)c2)o1,314.3850000000001,3.502620000000002,2,3,5,71.34,4,0.9069764835272933
N1CCN(c2ccc3c([nH]c(-c4cc5ccccc5[nH]c4=O)n3)c2)CC1,CC(C)(C)c1ccc(CCC(=O)Nc2ccc(N)cc2N)cc1,311.42900000000003,3.719800000000001,3,3,6,81.14,4,0.7526840866641947
N1CCN(c2ccc3c([nH]c(-c4cc5ccccc5[nH]c4=O)n3)c2)CC1,CC(=O)Nc1ccc(OCC(=O)Nc2sccc2C#N)cc1,315.35400000000004,2.5956800000000007,2,5,7,91.22,5,0.886902494091823
N1CCN(c2ccc3c([nH]c(-c4cc5ccccc5[nH]c4=O)n3)c2)CC1,CC(=O)Nc1ccc(CCc2nnc(NC(C)=O)s2)cc1,304.375,2.2401,2,5,7,83.97999999999999,5,0.8869911369429526
N1CCN(c2ccc3c([nH]c(-c4cc5ccccc5[nH]c4=O)n3)c2)CC1,CCCCC(=O)Nc1ccc(S(=O)(=O)NC2CCCC2)cc1,324.44600000000014,3.036200000000002,2,3,5,75.27,7,0.8092453833417598
N1CCN(c2ccc3c([nH]c(-c4cc5ccccc5[nH]c4=O)n3)c2)CC1,COc1cc(NC(C)=O)ccc1NC(=O)c1ccc2ncsc2c1,341.39200000000005,3.515600000000002,2,5,7,80.32000000000001,4,0.760778909124857
N1CCN(c2ccc3c([nH]c(-c4cc5ccccc5[nH]c4=O)n3)c2)CC1,CCCc1ccc(S(=O)(=O)Nc2cccc(C(=O)NC)c2)cc1,332.425,2.799500000000001,2,3,5,75.27,6,0.8539299294864033
N1CCN(c2ccc3c([nH]c(-c4cc5ccccc5[nH]c4=O)n3)c2)CC1,CC1=C(C(=O)Nc2cccc(C)c2)C(c2ccc(F)cc2)NC(=O)N1,339.37,3.4007200000000006,3,2,5,70.23,3,0.8019926313182821
N1CCN(c2ccc3c([nH]c(-c4cc5ccccc5[nH]c4=O)n3)c2)CC1,CC(=O)Nc1ccc(NC(=O)Nc2ccccc2C(C)C)cc1,311.38500000000005,4.4124000000000025,3,2,5,70.23,4,0.7822918371795266
N1CCN(c2ccc3c([nH]c(-c4cc5ccccc5[nH]c4=O)n3)c2)CC1,Cc1cccc(C)c1NC(=O)CNc1cccc(N2CCCC2=O)c1,337.4230000000002,3.4808400000000015,2,3,5,61.440000000000005,5,0.8779379560212481
N1CCN(c2ccc3c([nH]c(-c4cc5ccccc5[nH]c4=O)n3)c2)CC1,Cc1ccc(S(=O)(=O)NCCC(=O)Nc2c(C)cccc2C)cc1,346.45200000000006,2.918960000000002,2,3,5,75.27,6,0.8443253398839974
N1CCN(c2ccc3c([nH]c(-c4cc5ccccc5[nH]c4=O)n3)c2)CC1,Cc1nc2n(n1)C(C(=O)Nc1cc(Cl)ccc1C)CC(=O)N2,319.75200000000007,2.07034,2,5,7,88.91,2,0.8864877194603135
N1CCN(c2ccc3c([nH]c(-c4cc5ccccc5[nH]c4=O)n3)c2)CC1,CCc1c(C)sc(NC(=O)COc2ccc(F)c(F)c2)c1C(N)=O,354.37800000000004,3.0135200000000006,2,4,6,81.41999999999999,6,0.8365971955091333
N1CCN(c2ccc3c([nH]c(-c4cc5ccccc5[nH]c4=O)n3)c2)CC1,COc1ccc(NC(=O)N2CCCC2C(=O)NCC(F)(F)F)cc1,345.3209999999999,2.37,2,3,5,70.67,4,0.8801348405942614
C(c1cc2c(cc1)n[nH]c2)c1nnc2n1nc(-c1cn(C3CC3)nc1)cc2,Cc1ccc(CC(=O)Nc2sc3c(c2C(N)=O)CCCC3)cc1,328.4370000000002,3.2154200000000017,2,3,5,72.19,4,0.9043114036726984
C(c1cc2c(cc1)n[nH]c2)c1nnc2n1nc(-c1cn(C3CC3)nc1)cc2,Cc1c(C(=O)NCc2ccccc2)oc2c1C(O)CC(C)(C)C2,313.3970000000001,3.5238200000000024,2,3,5,62.47,3,0.9110370906351228
C(c1cc2c(cc1)n[nH]c2)c1nnc2n1nc(-c1cn(C3CC3)nc1)cc2,C=CCc1cc(C(=O)N2CCC(C(=O)Nc3ccccc3)CC2)[nH]n1,338.41100000000006,2.6291,2,3,5,78.09,5,0.8227897476713177
C(c1cc2c(cc1)n[nH]c2)c1nnc2n1nc(-c1cn(C3CC3)nc1)cc2,CC(C)(C)C(=O)Nc1ccc(C(=O)NCc2ccncc2)cc1,311.385,2.996200000000001,2,3,5,71.09,4,0.9115552667087615
C(c1cc2c(cc1)n[nH]c2)c1nnc2n1nc(-c1cn(C3CC3)nc1)cc2,CCOC(=O)C1=C(N)Oc2cc(O)ccc2C1c1ccc(C)cc1,325.3640000000001,2.9583200000000014,2,5,7,81.78,3,0.8479820186741922
C(c1cc2c(cc1)n[nH]c2)c1nnc2n1nc(-c1cn(C3CC3)nc1)cc2,CC(=O)c1cccc(NC(=O)CCc2c(C)nc(C)[nH]c2=O)c1,313.35699999999997,2.16064,2,4,6,91.91999999999999,5,0.8274158066293462
C(c1cc2c(cc1)n[nH]c2)c1nnc2n1nc(-c1cn(C3CC3)nc1)cc2,COc1ccc(NC(C)=O)cc1NC(=O)c1ccc(Cl)cc1,318.76,3.5593000000000012,2,3,5,67.43,4,0.905398116217802
C(c1cc2c(cc1)n[nH]c2)c1nnc2n1nc(-c1cn(C3CC3)nc1)cc2,COC(=O)c1ccc(NC(=O)CNc2ccccc2C(=O)OC)cc1,342.3510000000001,2.3103999999999996,2,6,8,93.73,6,0.7826114356530308
C(c1cc2c(cc1)n[nH]c2)c1nnc2n1nc(-c1cn(C3CC3)nc1)cc2,CCOC(=O)c1c(C)[nH]c(C(=O)Nc2cccc(OC)c2)c1C,316.3570000000001,3.0691400000000018,2,4,6,80.42,5,0.8307763029325957
C(c1cc2c(cc1)n[nH]c2)c1nnc2n1nc(-c1cn(C3CC3)nc1)cc2,CSc1cccc(NC(=O)Nc2sccc2C(N)=O)c1,307.40000000000003,3.2129000000000003,3,4,7,84.22,4,0.7582653673977753
C(c1cc2c(cc1)n[nH]c2)c1nnc2n1nc(-c1cn(C3CC3)nc1)cc2,C=CCNS(=O)(=O)c1ccc(C(=O)Nc2cccc(C)c2C)cc1,344.4360000000001,3.0200400000000016,2,3,5,75.27,6,0.7910907552156837
C(c1cc2c(cc1)n[nH]c2)c1nnc2n1nc(-c1cn(C3CC3)nc1)cc2,COc1ccc(O)c(C(=O)Nc2c(C)nc3ccc(C)cn3c2=O)c1,339.3510000000001,2.2778399999999994,2,6,8,92.93,3,0.7635123508979196
C(c1cc2c(cc1)n[nH]c2)c1nnc2n1nc(-c1cn(C3CC3)nc1)cc2,CC(C)(C)C(=O)Nc1cnccc1C(=O)NCCc1ccccc1,325.412,3.0387000000000013,2,3,5,71.09,5,0.8874019087448942
C(c1cc2c(cc1)n[nH]c2)c1nnc2n1nc(-c1cn(C3CC3)nc1)cc2,Cc1cccc(NC(=O)CN(C)C(=O)c2n[nH]c3ccccc23)c1C,336.3950000000001,2.8904400000000017,2,3,5,78.09,4,0.7688231622410712
C(c1cc2c(cc1)n[nH]c2)c1nnc2n1nc(-c1cn(C3CC3)nc1)cc2,COc1ccccc1C(C)NC(=O)CNC(=O)c1ccccc1C,326.396,2.6108200000000004,2,3,5,67.43,6,0.8573055675593574
C(c1cc2c(cc1)n[nH]c2)c1nnc2n1nc(-c1cn(C3CC3)nc1)cc2,COC(=O)c1cnc(NC(=O)c2cc(Br)ccc2O)s1,357.18500000000006,2.6501000000000006,2,6,8,88.52,3,0.8248758265826732
C(c1cc2c(cc1)n[nH]c2)c1nnc2n1nc(-c1cn(C3CC3)nc1)cc2,CCOC(=O)c1[nH]c(C)c(C(=O)NCc2cccs2)c1C,306.38700000000006,2.799740000000001,2,4,6,71.19,5,0.8344384739447477
C(c1cc2c(cc1)n[nH]c2)c1nnc2n1nc(-c1cn(C3CC3)nc1)cc2,COc1ccc(NC(=O)NCC2COc3ccccc3O2)cn1,315.329,2.0517,2,5,7,81.71000000000001,4,0.9022362090294856
C(c1cc2c(cc1)n[nH]c2)c1nnc2n1nc(-c1cn(C3CC3)nc1)cc2,Cc1cnc(NC(=O)CCNC(=O)c2ccccc2Cl)s1,323.80500000000006,2.863520000000001,2,4,6,71.09,5,0.8884399634573251
C(c1cc2c(cc1)n[nH]c2)c1nnc2n1nc(-c1cn(C3CC3)nc1)cc2,CC(=O)Nc1ccccc1OCC(=O)Nc1cccc(C)c1C,312.369,3.2793400000000013,2,3,5,67.42999999999999,5,0.8900571083764977
C(c1cc2c(cc1)n[nH]c2)c1nnc2n1nc(-c1cn(C3CC3)nc1)cc2,CSc1nnc(CNC(=O)c2ccc(NC(=O)C(C)C)cc2)n1C,347.4440000000001,2.0614999999999997,2,6,8,88.91,6,0.7809768093295193
C(c1cc2c(cc1)n[nH]c2)c1nnc2n1nc(-c1cn(C3CC3)nc1)cc2,CCSc1ccccc1C(=O)NCC(=O)NCc1ccco1,318.398,2.4378,2,4,6,71.34,7,0.7692861213778244
C(c1cc2c(cc1)n[nH]c2)c1nnc2n1nc(-c1cn(C3CC3)nc1)cc2,Cc1ccccc1OCC(=O)Nc1ccccc1C(=O)NC1CC1,324.3800000000001,2.904720000000001,2,3,5,67.42999999999999,6,0.8583654913190705
C(c1cc2c(cc1)n[nH]c2)c1nnc2n1nc(-c1cn(C3CC3)nc1)cc2,Cc1ccccc1NC(=O)Nc1nc(CC(=O)N2CCCC2)cs1,344.4400000000001,3.2604200000000017,2,4,6,74.33,4,0.893850420278677
C(c1cc2c(cc1)n[nH]c2)c1nnc2n1nc(-c1cn(C3CC3)nc1)cc2,Cc1ccc2nc(C(=O)Nc3cccc(NC(=O)C(C)C)c3)cn2c1,336.3950000000001,3.4895200000000015,2,4,6,75.5,4,0.7656032769821983
C(c1cc2c(cc1)n[nH]c2)c1nnc2n1nc(-c1cn(C3CC3)nc1)cc2,CC(C)(C)c1ccc(NC(=O)CSc2n[nH]c(N)n2)cc1,305.407,2.4152000000000005,3,5,8,96.69,4,0.7537364501003758
C(c1cc2c(cc1)n[nH]c2)c1nnc2n1nc(-c1cn(C3CC3)nc1)cc2,Cc1cc(C)c(C(N)=O)c(Nc2ccc3c(c2)OCCCO3)n1,313.3570000000001,2.7022400000000006,2,5,7,86.47000000000001,3,0.9095513390669395
C(c1cc2c(cc1)n[nH]c2)c1nnc2n1nc(-c1cn(C3CC3)nc1)cc2,CC1(C)CC(=O)c2c(O)cc(OCC(=O)NC(C)(C)C)cc2O1,321.37300000000005,2.4295,2,5,7,84.86,3,0.8929221751949885
C(c1cc2c(cc1)n[nH]c2)c1nnc2n1nc(-c1cn(C3CC3)nc1)cc2,CC(=O)NC(Cc1c[nH]c2ccccc12)C(=O)NC1CCCC1,313.4010000000002,2.2739000000000003,3,2,5,73.99,5,0.7920097258633634
C(c1cc2c(cc1)n[nH]c2)c1nnc2n1nc(-c1cn(C3CC3)nc1)cc2,COc1ccc(OC)c(C(=O)Nc2cccc(NC(C)=O)c2)c1,314.34100000000007,2.9145000000000003,2,4,6,76.66,5,0.889400052234603
C(c1cc2c(cc1)n[nH]c2)c1nnc2n1nc(-c1cn(C3CC3)nc1)cc2,CCC(C)c1ccc(S(=O)(=O)Nc2ccc(C(N)=O)cc2)cc1,332.425,3.099800000000001,2,3,5,89.25999999999999,6,0.8515232568202262
C(c1cc2c(cc1)n[nH]c2)c1nnc2n1nc(-c1cn(C3CC3)nc1)cc2,CCOC(=O)Nc1cccc(NC(=O)Cc2cccs2)c1,304.371,3.497700000000002,2,4,6,67.43,5,0.888106736671713
C(c1cc2c(cc1)n[nH]c2)c1nnc2n1nc(-c1cn(C3CC3)nc1)cc2,CNC(=O)c1ccc(NC(=O)COc2ccccc2OC)cc1,314.34100000000007,2.0723,2,4,6,76.66000000000001,6,0.855593611749635
c1(-c2ccc3nnc(Sc4ccc5c(c6c(cn5)NC(=O)CO6)c4)n3c2)cn[nH]c1,COc1cc(C)c(NC(=O)c2ccc(CO)cc2)cc1OC,301.34200000000004,2.756820000000001,2,4,6,67.79,5,0.8908182185001151
c1(-c2ccc3nnc(Sc4ccc5c(c6c(cn5)NC(=O)CO6)c4)n3c2)cn[nH]c1,CCc1ccc(C(C)NC(=O)CCNC(=O)c2ccco2)cc1,314.385,2.8393000000000006,2,3,5,71.34,7,0.8252616982907892
c1(-c2ccc3nnc(Sc4ccc5c(c6c(cn5)NC(=O)CO6)c4)n3c2)cn[nH]c1,COc1ccc(C)cc1NC(=O)COc1ccccc1C(N)=O,314.34100000000007,2.1200200000000002,2,4,6,90.65,6,0.8541999031869741
c1(-c2ccc3nnc(Sc4ccc5c(c6c(cn5)NC(=O)CO6)c4)n3c2)cn[nH]c1,CC(NC(=O)COC(=O)c1ccccc1O)c1ccccc1Cl,333.7710000000001,3.0798000000000014,2,4,6,75.63,5,0.8244346190601713
c1(-c2ccc3nnc(Sc4ccc5c(c6c(cn5)NC(=O)CO6)c4)n3c2)cn[nH]c1,Cc1cccc(NCc2cc3cc4c(cc3[nH]c2=O)OCCO4)c1C,336.3910000000002,3.528240000000002,2,4,6,63.35000000000001,3,0.7679540884228688
c1(-c2ccc3nnc(Sc4ccc5c(c6c(cn5)NC(=O)CO6)c4)n3c2)cn[nH]c1,CCOc1cccc(C(=O)Nc2sc(C)c(C)c2C(=O)NCC)c1,346.4520000000001,3.765640000000002,2,4,6,67.42999999999999,6,0.8366029160941804
c1(-c2ccc3nnc(Sc4ccc5c(c6c(cn5)NC(=O)CO6)c4)n3c2)cn[nH]c1,CC(=O)Nc1cc(NC(C)=O)cc(C(=O)NCc2ccccc2F)c1,343.358,2.6725000000000003,3,3,6,87.30000000000001,5,0.7798864381078221
c1(-c2ccc3nnc(Sc4ccc5c(c6c(cn5)NC(=O)CO6)c4)n3c2)cn[nH]c1,Cc1cc(C)c(OCC(=O)Nc2sccc2C(N)=O)c(C)c1,318.3980000000001,2.789760000000001,2,4,6,81.41999999999999,5,0.8891436810261243
c1(-c2ccc3nnc(Sc4ccc5c(c6c(cn5)NC(=O)CO6)c4)n3c2)cn[nH]c1,CC(C)C(=O)NCc1ccc(C(=O)Nc2cccc(O)c2)cc1,312.369,2.9167000000000005,3,3,6,78.43,5,0.7940553999364871
c1(-c2ccc3nnc(Sc4ccc5c(c6c(cn5)NC(=O)CO6)c4)n3c2)cn[nH]c1,COC(=O)C(CC(C)C)NC(=O)Nc1ccc2c(c1)OCO2,308.33400000000006,2.1244999999999994,2,5,7,85.89,5,0.8138172688315026
c1(-c2ccc3nnc(Sc4ccc5c(c6c(cn5)NC(=O)CO6)c4)n3c2)cn[nH]c1,COc1ccc(OC)c(NC(=O)c2ccc(NC(C)=O)s2)c1,320.37000000000006,2.976000000000001,2,5,7,76.66,5,0.8877361158293867
c1(-c2ccc3nnc(Sc4ccc5c(c6c(cn5)NC(=O)CO6)c4)n3c2)cn[nH]c1,CC(C)CC(=O)Nc1ccc(S(=O)(=O)NC(C)(C)C)cc1,312.43500000000006,2.748000000000001,2,3,5,75.27,5,0.8775480070758772
c1(-c2ccc3nnc(Sc4ccc5c(c6c(cn5)NC(=O)CO6)c4)n3c2)cn[nH]c1,CCCC(=O)Nc1ccc(S(=O)(=O)Nc2cc(C)on2)cc1,323.374,2.5224200000000003,2,5,7,101.3,6,0.8503015442894494
c1(-c2ccc3nnc(Sc4ccc5c(c6c(cn5)NC(=O)CO6)c4)n3c2)cn[nH]c1,Cc1cccc(C)c1OCC(=O)NC(C(N)=O)c1ccccc1,312.36899999999997,2.0250399999999997,2,3,5,81.41999999999999,6,0.8560042156102848
c1(-c2ccc3nnc(Sc4ccc5c(c6c(cn5)NC(=O)CO6)c4)n3c2)cn[nH]c1,CC(Sc1nnc(NC2CC2)s1)C(=O)NCc1ccccc1,334.47,2.9094000000000015,2,6,8,66.91,7,0.7622260541263423
c1(-c2ccc3nnc(Sc4ccc5c(c6c(cn5)NC(=O)CO6)c4)n3c2)cn[nH]c1,CC(=O)NCc1ccc(-c2csc(NC(=O)C3CCCO3)n2)o1,335.38500000000016,2.1567,2,6,8,93.46000000000001,5,0.8731428917750885
c1(-c2ccc3nnc(Sc4ccc5c(c6c(cn5)NC(=O)CO6)c4)n3c2)cn[nH]c1,CCNC(=O)c1cc(S(=O)(=O)Nc2cccc(F)c2)ccc1C,336.38800000000003,2.6846200000000007,2,3,5,75.27,5,0.8813395741208554
c1(-c2ccc3nnc(Sc4ccc5c(c6c(cn5)NC(=O)CO6)c4)n3c2)cn[nH]c1,CCc1cccc(OCC(=O)Nc2cc(NC(C)=O)ccc2OC)c1,342.3950000000001,3.233500000000001,2,4,6,76.66000000000001,7,0.8097875417175391
c1(-c2ccc3nnc(Sc4ccc5c(c6c(cn5)NC(=O)CO6)c4)n3c2)cn[nH]c1,COc1ccc(-c2n[nH]c3c2C(c2ccc(OC)cc2)NC3=O)cc1,335.36300000000006,2.9267000000000003,2,4,6,76.24000000000001,4,0.7685021201198989
c1(-c2ccc3nnc(Sc4ccc5c(c6c(cn5)NC(=O)CO6)c4)n3c2)cn[nH]c1,CCOC(=O)c1c(C)[nH]c(C(=O)Nc2sccc2C(=O)OC)c1C,350.3960000000002,2.908640000000001,2,6,8,97.49,5,0.8081893682772254
c1(-c2ccc3nnc(Sc4ccc5c(c6c(cn5)NC(=O)CO6)c4)n3c2)cn[nH]c1,COC(=O)c1cnc(NC(=O)c2ccc(NC(C)=O)cc2)s1,319.34200000000004,2.1403999999999996,2,6,8,97.38999999999999,4,0.841495028244158
c1(-c2ccc3nnc(Sc4ccc5c(c6c(cn5)NC(=O)CO6)c4)n3c2)cn[nH]c1,CNc1nnc(SC(C)C(=O)Nc2cc(C)cc(C)c2)s1,322.45900000000006,3.315940000000001,2,6,8,66.91,5,0.8267142251381222
c1(-c2ccc3nnc(Sc4ccc5c(c6c(cn5)NC(=O)CO6)c4)n3c2)cn[nH]c1,COc1ccc(C)cc1NC(=O)C1(CC(=O)NC2CC2)CCCC1,330.4280000000002,3.1712200000000017,2,3,5,67.42999999999999,6,0.8416790242314611
c1(-c2ccc3nnc(Sc4ccc5c(c6c(cn5)NC(=O)CO6)c4)n3c2)cn[nH]c1,Cc1cc(F)ccc1NC(=O)CNC(=O)c1cnc2ccccc2n1,338.34200000000004,2.4458200000000003,2,4,6,83.98,4,0.7652216311070005
c1(-c2ccc3nnc(Sc4ccc5c(c6c(cn5)NC(=O)CO6)c4)n3c2)cn[nH]c1,CCCn1c(O)nnc1SC(C)C(=O)Nc1ccc(C)cc1C,334.4450000000001,3.1298400000000015,2,6,8,80.03999999999999,6,0.7934426020661905
c1(-c2ccc3nnc(Sc4ccc5c(c6c(cn5)NC(=O)CO6)c4)n3c2)cn[nH]c1,Cc1ccc(NC(=O)N(C)Cc2nc3ccsc3c(=O)[nH]2)c(C)c1,342.4240000000001,3.265340000000001,2,4,6,78.09,3,0.7666828659569856
c1(-c2ccc3nnc(Sc4ccc5c(c6c(cn5)NC(=O)CO6)c4)n3c2)cn[nH]c1,CCC(C)c1ccccc1NC(=O)COc1ccccc1C(N)=O,326.3960000000001,3.3165000000000004,2,3,5,81.41999999999999,7,0.8187048776061918
c1(-c2ccc3nnc(Sc4ccc5c(c6c(cn5)NC(=O)CO6)c4)n3c2)cn[nH]c1,CN1CCOC(C(NC(=O)Nc2ccccc2)c2ccccc2)C1=O,339.3950000000001,2.4066,2,3,5,70.67,4,0.8985395537849188
c1(-c2ccc3nnc(Sc4ccc5c(c6c(cn5)NC(=O)CO6)c4)n3c2)cn[nH]c1,COc1ccc(OCC(=O)Nc2cc(Cl)ccc2O)cc1,307.73300000000006,3.0717000000000017,2,4,6,67.79,5,0.833066477450839
c1(-c2ccc3nnc(Sc4ccc5c(c6c(cn5)NC(=O)CO6)c4)n3c2)cn[nH]c1,CCC(C)NS(=O)(=O)c1ccc(NC(=O)c2ccco2)cc1,322.386,2.6087000000000007,2,4,6,88.41000000000001,6,0.8553789847657227
c1(-c2ccc3nnc(Sc4ccc5c(c6c(cn5)NC(=O)CO6)c4)n3c2)cn[nH]c1,CC(C)Oc1ccc(C(=O)Nc2sc3c(c2C(N)=O)CCC3)cc1,344.43600000000015,3.3752000000000013,2,4,6,81.41999999999999,5,0.8722830622842529
c1(-c2ccc3nnc(Sc4ccc5c(c6c(cn5)NC(=O)CO6)c4)n3c2)cn[nH]c1,CC(=O)Nc1ccc2nc(NC(=O)c3cccs3)sc2c1,317.39500000000004,3.568500000000002,2,5,7,71.09,3,0.775531860554569
c1(-c2ccc3nnc(Sc4ccc5c(c6c(cn5)NC(=O)CO6)c4)n3c2)cn[nH]c1,COC(=O)C(C)NC(=O)NC1CCC(c2ccccc2)CC1,304.3900000000001,2.5735,2,3,5,67.42999999999999,4,0.8401600803957849
c1(-c2ccc3nnc(Sc4ccc5c(c6c(cn5)NC(=O)CO6)c4)n3c2)cn[nH]c1,Cc1cc(C)cc(C(=O)NCCC(=O)NCc2cccnc2)c1,311.385,2.13474,2,3,5,71.09,6,0.8583350892790165
c1(-c2ccc3nnc(Sc4ccc5c(c6c(cn5)NC(=O)CO6)c4)n3c2)cn[nH]c1,COC(=O)c1ccccc1NC(=O)CC(O)c1ccc(Cl)cc1,333.77099999999996,3.1888000000000014,2,4,6,75.63,5,0.8238951900743603
c1(-c2ccc3nnc(Sc4ccc5c(c6c(cn5)NC(=O)CO6)c4)n3c2)cn[nH]c1,COCC(=O)Nc1cccc(C(=O)NCCC2=CCCCC2)c1,316.4010000000001,2.8918000000000017,2,3,5,67.42999999999999,7,0.7601257700459915
n1c(Nc2ccccc2)nccc1-c1cn(C2CC2)c2ccccc12,CC(=O)c1cccc(NCC(=O)Nc2ccc3c(c2)OCCO3)c1,326.3520000000001,2.7110000000000003,2,5,7,76.66000000000001,5,0.8263003353996732
n1c(Nc2ccccc2)nccc1-c1cn(C2CC2)c2ccccc12,CC(C)CN1C(=O)NC(c2ccc(O)cc2)C(C(=O)OC(C)C)=C1C,346.42700000000013,3.3401000000000023,2,4,6,78.87000000000002,5,0.8016169070797149
n1c(Nc2ccccc2)nccc1-c1cn(C2CC2)c2ccccc12,Cc1cc(NC(=O)N(C)C)ncc1NC(=O)Nc1ccccc1,313.36100000000005,3.1275200000000005,3,3,6,86.36000000000001,3,0.8133833452532047
n1c(Nc2ccccc2)nccc1-c1cn(C2CC2)c2ccccc12,CNC(=O)c1cccc(NC(=O)CCc2ccc3c(c2)OCO3)c1,326.35200000000003,2.3462000000000005,2,4,6,76.66000000000001,5,0.8840974750866754
n1c(Nc2ccccc2)nccc1-c1cn(C2CC2)c2ccccc12,Cc1nnc(NC(=O)CCC(=O)Nc2cccc(Cl)c2)s1,324.793,2.8573200000000005,2,5,7,83.98,5,0.8853785357683648
n1c(Nc2ccccc2)nccc1-c1cn(C2CC2)c2ccccc12,CC(=O)Nc1ccc(NC(=O)COc2cccc(C)c2C)cc1,312.369,3.279340000000002,2,3,5,67.43,5,0.8900571083764977
n1c(Nc2ccccc2)nccc1-c1cn(C2CC2)c2ccccc12,CNC(=O)c1ccsc1NC(=O)c1ccc(OC(C)C)cc1,318.398,3.1472000000000016,2,4,6,67.43,5,0.8896923853159882
n1c(Nc2ccccc2)nccc1-c1cn(C2CC2)c2ccccc12,Cc1ccc(C(=O)NCC(=O)Nc2ccc3c(c2)OCO3)s1,318.3540000000001,2.15372,2,5,7,76.66000000000001,4,0.9054604268366002
n1c(Nc2ccccc2)nccc1-c1cn(C2CC2)c2ccccc12,COc1ccc(Cl)cc1NC(=O)c1cccc(NC(C)=O)c1,318.76000000000005,3.5593000000000012,2,3,5,67.43,4,0.905398116217802
n1c(Nc2ccccc2)nccc1-c1cn(C2CC2)c2ccccc12,Cc1c(C(=O)Nc2nccs2)oc2c1-c1[nH]ncc1CC2,300.34300000000013,2.785520000000001,2,5,7,83.81,2,0.7619301130312367
n1c(Nc2ccccc2)nccc1-c1cn(C2CC2)c2ccccc12,CCCCn1c(N)c(N(CCC)C(=O)c2ccc(F)cc2)c(=O)[nH]c1=O,362.4050000000001,2.1148000000000002,2,5,7,101.19,7,0.7875267863944773
n1c(Nc2ccccc2)nccc1-c1cn(C2CC2)c2ccccc12,CC(=O)N1CCc2cc(NC(=O)Nc3cccc(Cl)c3)ccc21,329.7870000000001,3.8930000000000025,2,2,4,61.440000000000005,2,0.8775800494083797
n1c(Nc2ccccc2)nccc1-c1cn(C2CC2)c2ccccc12,CCn1cc(NC(=O)C(C)Sc2ccccc2F)c(C(N)=O)n1,336.3920000000001,2.2603,2,5,7,90.01,6,0.7918636651406374
n1c(Nc2ccccc2)nccc1-c1cn(C2CC2)c2ccccc12,COc1ccc(NC(C)=O)cc1NC(=O)C(C)Oc1ccc(C)cc1,342.3950000000001,3.3680200000000022,2,4,6,76.66000000000001,6,0.8437392663025253
n1c(Nc2ccccc2)nccc1-c1cn(C2CC2)c2ccccc12,CCn1nc(C)cc1C(=O)Nc1sc(C)c(C)c1C(N)=O,306.3910000000001,2.2409600000000003,2,5,7,90.00999999999999,4,0.9073346675119872
n1c(Nc2ccccc2)nccc1-c1cn(C2CC2)c2ccccc12,COc1ccc(NC(=O)CNC(=O)c2cc(C)cc(C)c2)cc1OC,342.3950000000001,2.689140000000001,2,4,6,76.66000000000001,6,0.8461275791550383
n1c(Nc2ccccc2)nccc1-c1cn(C2CC2)c2ccccc12,COc1cccc(NC(=O)NCc2ccccc2CN2CCOCC2)c1,355.4380000000002,2.849100000000001,2,4,6,62.83,6,0.8364030919218121
n1c(Nc2ccccc2)nccc1-c1cn(C2CC2)c2ccccc12,C=CCNS(=O)(=O)c1ccc(C(=O)Nc2cccc(C)c2)cc1,330.40900000000005,2.711620000000001,2,3,5,75.27,6,0.7997552099766846
n1c(Nc2ccccc2)nccc1-c1cn(C2CC2)c2ccccc12,CCC(NC(=O)c1cc(C)sc1C)c1ccc(S(N)(=O)=O)cc1,352.48100000000005,2.893440000000001,2,4,6,89.25999999999999,5,0.8668609755059562
n1c(Nc2ccccc2)nccc1-c1cn(C2CC2)c2ccccc12,Cc1ccc(S(=O)(=O)C2CCCCC2O)cc1NC(=O)CC(C)C,353.4840000000001,3.056820000000002,2,4,6,83.47,5,0.8520342987325017
n1c(Nc2ccccc2)nccc1-c1cn(C2CC2)c2ccccc12,Cc1nc(N=C2NCN(Cc3ccco3)CN2)nc2ccccc12,322.37200000000007,2.1287199999999995,2,5,7,78.58,3,0.7689599394343806
n1c(Nc2ccccc2)nccc1-c1cn(C2CC2)c2ccccc12,CC(C)CC(=O)Nc1ccc2nc(NS(C)(=O)=O)sc2c1,327.43100000000004,2.6524,2,5,7,88.16,5,0.8834246551057711
n1c(Nc2ccccc2)nccc1-c1cn(C2CC2)c2ccccc12,CC(=O)c1ccc(NC(=O)NC2CC(=O)N(c3ccccc3)C2)cc1,337.379,2.816200000000001,2,3,5,78.51,4,0.8422138238694147
n1c(Nc2ccccc2)nccc1-c1cn(C2CC2)c2ccccc12,COc1ccc(NC(=O)NCC(=O)Nc2ccccc2F)cc1,317.32,2.5945,3,3,6,79.46000000000001,5,0.7928267242575577
n1c(Nc2ccccc2)nccc1-c1cn(C2CC2)c2ccccc12,COC(=O)c1sccc1NC(=O)NCC1COc2ccccc2O1,348.3800000000001,2.496200000000001,2,6,8,85.89,4,0.8293413231561075
n1c(Nc2ccccc2)nccc1-c1cn(C2CC2)c2ccccc12,COc1ccc(C)cc1NC(=O)C(C)OC(=O)c1cccc(O)c1,329.352,2.8932200000000012,2,5,7,84.86,5,0.8240192278216172
n1c(Nc2ccccc2)nccc1-c1cn(C2CC2)c2ccccc12,Cc1nc(C)c(C(=O)NCc2ccc(NC(=O)C3CC3)cc2)s1,329.42500000000007,3.0384400000000014,2,4,6,71.09,5,0.8855151713438876
n1c(Nc2ccccc2)nccc1-c1cn(C2CC2)c2ccccc12,COc1ccc(OC)c(C(C)NC(=O)c2n[nH]c3ccccc23)c1,325.36800000000005,3.0711000000000004,2,4,6,76.24000000000001,5,0.7556889830891735
n1c(Nc2ccccc2)nccc1-c1cn(C2CC2)c2ccccc12,CCOC(=O)c1ccccc1NC(=O)CNc1ccc(C#N)cc1,323.35200000000003,2.7855800000000004,2,5,7,91.22,6,0.797669954478119
n1c(Nc2ccccc2)nccc1-c1cn(C2CC2)c2ccccc12,COc1ccc(C(=O)NCC(=O)NCc2ccc(Cl)cc2)c(F)c1,350.77700000000004,2.5339,2,3,5,67.42999999999999,6,0.8409386978493428
n1c(Nc2ccccc2)nccc1-c1cn(C2CC2)c2ccccc12,COc1ccc(NC(=O)CCc2[nH]c3ccccc3c2C)cn1,309.369,3.451220000000001,2,3,5,67.00999999999999,5,0.7582968201583798
n1c(Nc2ccccc2)nccc1-c1cn(C2CC2)c2ccccc12,CCc1ccc(C(=O)Nc2nc(C)c(C(=O)NCC)s2)cc1,317.414,3.0159200000000013,2,4,6,71.09,5,0.8902289948873012
n1c(Nc2ccccc2)nccc1-c1cn(C2CC2)c2ccccc12,COc1ccc(OC(=O)Nc2ccc3c(c2)CCC(=O)N3)cc1,312.325,3.190800000000001,2,4,6,76.66,3,0.9122556508644153
n1c(Nc2ccccc2)nccc1-c1cn(C2CC2)c2ccccc12,CC(=O)Nc1ccc(C(=O)Nc2cc(C(C)(C)C)on2)cc1,301.346,3.182800000000002,2,4,6,84.23,3,0.9115285491828465
n1c(Nc2ccccc2)nccc1-c1cn(C2CC2)c2ccccc12,Cc1cccc(OCC(=O)Nc2ccc3c(c2)NC(=O)C(C)O3)c1,326.3520000000001,2.7319200000000006,2,4,6,76.66000000000001,4,0.905576253676458
n1c(Nc2ccccc2)nccc1-c1cn(C2CC2)c2ccccc12,Cc1ccc(NC(=O)c2nnn(-c3ccc(F)cc3)c2N)c(C)c1,325.3470000000001,2.8577400000000006,2,5,7,85.83,3,0.7751302547496932
c1c(-n2cccn2)c2n(ccc(N3CCCC3c3ccccc3)n2)n1,FC(F)Oc1ccc(CNc2ncn[nH]2)cc1Br,319.10900000000004,2.7807000000000004,2,4,6,62.83,5,0.8894767705393483
c1c(-n2cccn2)c2n(ccc(N3CCCC3c3ccccc3)n2)n1,Fc1ccc(Oc2ncccc2CNc2ncn[nH]2)c(Cl)c1,319.727,3.3966000000000003,2,5,7,75.72,5,0.7535355723278176
c1c(-n2cccn2)c2n(ccc(N3CCCC3c3ccccc3)n2)n1,Fc1ccc(CNc2nc(-c3ccncc3)n[nH]2)cc1Cl,303.72800000000007,3.271300000000001,2,4,6,66.49000000000001,4,0.7760606848425982
c1c(-n2cccn2)c2n(ccc(N3CCCC3c3ccccc3)n2)n1,FC(F)(F)c1nc(Nc2nc3ccccc3[nH]2)ncc1Cl,313.6700000000001,3.7687,2,4,6,66.49000000000001,2,0.7555395937355671
c1c(-n2cccn2)c2n(ccc(N3CCCC3c3ccccc3)n2)n1,FC(F)(F)c1nc(Nc2ccccc2)nc2c1cnn2CCO,323.27800000000013,2.581000000000001,2,6,8,75.86,4,0.7716691707185929
c1c2c(ccc1Nc1ccccc1)[nH]cn2,COc1cccc(NC(=O)CNC(=O)c2ccc3ccccc3n2)c1,335.363,2.6119000000000003,2,4,6,80.32000000000001,5,0.750967889848725
c1c2c(ccc1Nc1ccccc1)[nH]cn2,CC(O)c1nc(-c2ccccc2)ncc1NC(=O)c1ccco1,309.32500000000005,3.042200000000001,2,5,7,88.25000000000001,4,0.7730326169049425
c1c2c(ccc1Nc1ccccc1)[nH]cn2,CC(=O)Nc1cccc(C(=O)Nc2nc(C)c(C(C)=O)s2)c1,317.37,2.864820000000001,2,5,7,88.16,4,0.8487198255221194
c1c2c(ccc1Nc1ccccc1)[nH]cn2,Cc1sc(NC(=O)c2ccc3c(c2)OCO3)c(C(N)=O)c1C,318.3540000000001,2.444840000000001,2,5,7,90.65,3,0.9091596776720338
c1c2c(ccc1Nc1ccccc1)[nH]cn2,CCOc1ccc(S(=O)(=O)Nc2ccc(C(N)=O)cc2)cc1C,334.39700000000005,2.2934200000000002,2,4,6,98.49000000000001,6,0.8464826020131336
c1c2c(ccc1Nc1ccccc1)[nH]cn2,CCOc1ccc(CCNS(=O)(=O)c2cccc(N)c2)cc1,320.41400000000004,2.1885000000000003,2,4,6,81.42,7,0.766287143215189
c1c2c(ccc1Nc1ccccc1)[nH]cn2,Cc1ccccc1NC(=O)c1cccc(S(=O)(=O)NC)c1,304.37100000000004,2.1554200000000003,2,3,5,75.27,4,0.908569343615726
c1c2c(ccc1Nc1ccccc1)[nH]cn2,COc1ccc(NC(=O)Nc2cc(C(F)(F)F)c[nH]c2=O)cc1,327.262,3.0463000000000005,3,3,6,83.22,3,0.8100700836373507
c1c2c(ccc1Nc1ccccc1)[nH]cn2,CCOC(=O)c1c(C)[nH]c(C(=O)Nc2ccc(F)cc2F)c1C,322.31100000000004,3.3387400000000014,2,3,5,71.19,4,0.8481816101973388
c1c2c(ccc1Nc1ccccc1)[nH]cn2,CCNC(=O)C1CCCN1C(=O)Nc1ccc(Cl)c(Cl)c1,330.21500000000003,3.125800000000001,2,2,4,61.440000000000005,3,0.8944194777633606
c1c2c(ccc1Nc1ccccc1)[nH]cn2,Cc1ccc(CNC(=O)c2n[nH]c3c2COc2ccccc2-3)cc1,319.36400000000003,3.2075200000000015,2,3,5,67.01,3,0.7788013188225571
c1c2c(ccc1Nc1ccccc1)[nH]cn2,COc1ccc(NC(=O)CSc2nc(C(C)C)n[nH]2)c(OC)c1,336.41700000000003,2.676100000000001,2,6,8,89.13000000000001,7,0.7557543665429288
c1c2c(ccc1Nc1ccccc1)[nH]cn2,COc1cc(NC(C)=O)c(Cl)cc1C(=O)NCCc1ccccc1,346.8140000000001,3.2795000000000014,2,3,5,67.42999999999999,6,0.8430771434306411
c1c2c(ccc1Nc1ccccc1)[nH]cn2,CCOc1ccc(NC(=O)C(C)NS(=O)(=O)c2ccccc2)cc1,348.42400000000004,2.3908000000000005,2,4,6,84.5,7,0.8045427054873606
c1c2c(ccc1Nc1ccccc1)[nH]cn2,COc1cc(NC(C)=O)c(Cl)cc1C(=O)NCc1ccccc1,332.78700000000003,3.237000000000002,2,3,5,67.42999999999999,5,0.8829114322900558
c1c2c(ccc1Nc1ccccc1)[nH]cn2,Cc1ccccc1Nc1ncccc1C(=O)NCc1ccco1,307.353,3.656620000000001,2,4,6,67.16,5,0.7546758968442359
c1c2c(ccc1Nc1ccccc1)[nH]cn2,CCOc1ccc(CC(=O)Nc2sccc2C(N)=O)cc1,304.37100000000004,2.4269000000000007,2,4,6,81.41999999999999,6,0.8596414101532502
c1c2c(ccc1Nc1ccccc1)[nH]cn2,CC1=C(C(=O)N2CCCCC2)C(c2ccc3c(c2)OCO3)NC(=O)N1,343.38300000000004,2.0557,2,4,6,79.9,2,0.8613180564784206
c1c2c(ccc1Nc1ccccc1)[nH]cn2,CCOc1ccc(C(=O)Nc2cccc(NC(C)=O)c2)cc1OCC,342.39500000000015,3.694700000000002,2,4,6,76.66000000000001,7,0.8043262370653738
c1c2c(ccc1Nc1ccccc1)[nH]cn2,C=CCNS(=O)(=O)c1ccc(NC(=O)c2cccc(F)c2)cc1,334.372,2.542300000000001,2,3,5,75.27000000000001,6,0.7973073381417435
c1c2c(ccc1Nc1ccccc1)[nH]cn2,COc1ccc(S(=O)(=O)NCc2cccs2)cc1NC(C)=O,340.4260000000001,2.1936,2,5,7,84.5,6,0.8441147436597053
c1c2c(ccc1Nc1ccccc1)[nH]cn2,CN(C)c1cccc(C(=O)Nc2ccc(NC(=O)C3CCCO3)cc2)c1,353.42200000000014,3.1224000000000016,2,4,6,70.67,5,0.8663811596065253
c1c2c(ccc1Nc1ccccc1)[nH]cn2,CN(C)S(=O)(=O)c1ccc(NCC(=O)Nc2cccc(F)c2)cc1,351.403,2.1266,2,4,6,78.51,6,0.8356407193378578
c1c2c(ccc1Nc1ccccc1)[nH]cn2,Cc1cccc(NC(=O)CC(NC(N)=O)c2cccs2)c1C,317.41400000000004,3.1031400000000007,3,3,6,84.22,5,0.7913909950085262
c1c2c(ccc1Nc1ccccc1)[nH]cn2,CCC(=O)Nc1ccc(S(=O)(=O)Nc2ccccc2C)cc1,318.398,3.1443200000000013,2,3,5,75.27,5,0.8889982131020467
c1c2c(ccc1Nc1ccccc1)[nH]cn2,CCC(Oc1ccccc1OC)C(=O)Nc1ccc(NC(C)=O)cc1,342.39500000000004,3.4497000000000018,2,4,6,76.66,7,0.8078715373151909
c1c2c(ccc1Nc1ccccc1)[nH]cn2,CNC(=O)c1ccc(NC(=O)c2ccc(-n3nc(C)cc3C)cc2)cc1,348.40600000000006,3.101040000000002,2,4,6,76.02000000000001,4,0.7605751159286909
c1c2c(ccc1Nc1ccccc1)[nH]cn2,Cc1nc2cc(NC(=O)C3CCN(c4ccc(F)cc4)C3)ccc2[nH]1,338.386,3.4754200000000024,2,3,5,61.02,3,0.7685580778713117
c1c2c(ccc1Nc1ccccc1)[nH]cn2,CC(=O)Nc1cccc(NC(=O)c2nc(-c3ccncc3)no2)c1,323.312,2.3423,2,6,8,110.01,4,0.7622887855236918
c1c2c(ccc1Nc1ccccc1)[nH]cn2,Cc1ccnc(NC(=O)c2c[nH]c3c(Cl)cccc3c2=O)c1,313.7440000000001,3.137220000000001,2,3,5,74.85,2,0.7629191486765103
c1c2c(ccc1Nc1ccccc1)[nH]cn2,CC(=O)c1c(C)[nH]c(C(=O)Nc2ccc(C(F)(F)F)cc2)c1C,324.302,4.105240000000002,2,2,4,61.96,3,0.834878053519202
c1c2c(ccc1Nc1ccccc1)[nH]cn2,Cc1cc(Cl)ccc1NS(=O)(=O)c1ccc(C(N)=O)cc1,324.78900000000004,2.54812,2,3,5,89.25999999999999,4,0.9052721680126407
c1c2c(ccc1Nc1ccccc1)[nH]cn2,CC(=O)Nc1ccc(NC(=O)c2csc(-c3ccccc3)n2)cc1,337.404,4.020800000000002,2,4,6,71.09,4,0.7551417656450632
c1c2c(ccc1Nc1ccccc1)[nH]cn2,CCCCOc1cccc(C(=O)Nc2ccccc2C(N)=O)c1,312.369,3.2167000000000012,2,3,5,81.41999999999999,7,0.7701812534777494
c1c2c(ccc1Nc1ccccc1)[nH]cn2,CC1CCC(NC(=O)c2cccc(NC(=O)c3ccco3)c2)CC1,326.39600000000013,3.8404000000000025,2,3,5,71.34,4,0.8964606043352246
c1c2c(ccc1Nc1ccccc1)[nH]cn2,Cc1cccc(NC(=O)c2ccc(Cl)c(S(N)(=O)=O)c2)c1,324.7890000000001,2.54812,2,3,5,89.25999999999999,3,0.9087971166850208
c1(NC(=O)c2c(=O)n(-c3ccccc3)[nH]c2)ccc(Oc2ccnc3ccccc23)cc1,CCc1ccc(NC(=O)Nc2ccccc2C(=O)N2CCOCC2)cc1,353.4220000000002,3.365400000000002,2,3,5,70.67,4,0.8852911227888947
c1(NC(=O)c2c(=O)n(-c3ccccc3)[nH]c2)ccc(Oc2ccnc3ccccc23)cc1,COc1ccc(C(=O)Nc2cccc(C(N)=O)c2)cc1Cl,304.73300000000006,2.6997999999999998,2,3,5,81.41999999999999,4,0.9108735042315107
c1(NC(=O)c2c(=O)n(-c3ccccc3)[nH]c2)ccc(Oc2ccnc3ccccc23)cc1,Cc1cccc(C(C)C)c1NC(=O)CSc1n[nH]c(=O)n1C1CC1,346.45600000000013,3.0689200000000003,2,5,7,79.78,6,0.7879333248804303
c1(NC(=O)c2c(=O)n(-c3ccccc3)[nH]c2)ccc(Oc2ccnc3ccccc23)cc1,CC(=O)Nc1ccccc1SCC(=O)Nc1sccc1C#N,331.422,3.308980000000001,2,5,7,81.99000000000001,5,0.8235971712645573
c1(NC(=O)c2c(=O)n(-c3ccccc3)[nH]c2)ccc(Oc2ccnc3ccccc23)cc1,CCC(C)C(NC(=O)c1cccc(C#N)c1)C(=O)Nc1ccccc1F,353.39700000000005,3.4805800000000016,2,3,5,81.99000000000001,6,0.8340048414285309
c1(NC(=O)c2c(=O)n(-c3ccccc3)[nH]c2)ccc(Oc2ccnc3ccccc23)cc1,COc1ccccc1NC(=O)COc1ccccc1NC(C)=O,314.34100000000007,2.6711,2,4,6,76.66,6,0.8592009217160939
c1(NC(=O)c2c(=O)n(-c3ccccc3)[nH]c2)ccc(Oc2ccnc3ccccc23)cc1,CNC(=O)c1ccc(NC(=O)COc2cc(C)c(Cl)c(C)c2)cc1,346.814,3.333940000000002,2,3,5,67.43,5,0.872166068199237
c1(NC(=O)c2c(=O)n(-c3ccccc3)[nH]c2)ccc(Oc2ccnc3ccccc23)cc1,Cc1ccc(NC(=O)CC(NC(N)=O)c2ccc(Cl)cc2)cc1,331.80300000000005,3.3866200000000015,3,2,5,84.22,5,0.7842307847557848
c1(NC(=O)c2c(=O)n(-c3ccccc3)[nH]c2)ccc(Oc2ccnc3ccccc23)cc1,CC(=O)Nc1cccc(C(=O)Nc2cccc3cccnc23)c1,305.33700000000005,3.445500000000001,2,3,5,71.09,3,0.77830866104788
c1(NC(=O)c2c(=O)n(-c3ccccc3)[nH]c2)ccc(Oc2ccnc3ccccc23)cc1,Cc1ccc(NS(=O)(=O)CC(C)NC(=O)OC(C)(C)C)cc1,328.4340000000001,2.6499200000000007,2,4,6,84.50000000000001,5,0.8700332231535676
c1(NC(=O)c2c(=O)n(-c3ccccc3)[nH]c2)ccc(Oc2ccnc3ccccc23)cc1,CNC(=O)c1cc(S(=O)(=O)Nc2ccc(F)cc2)c(C)s1,328.39000000000004,2.35602,2,4,6,75.27,4,0.9045078382796501
c1(NC(=O)c2c(=O)n(-c3ccccc3)[nH]c2)ccc(Oc2ccnc3ccccc23)cc1,COc1ccc(CC(=O)Nc2ccc(C)cc2O)cc1OC,301.34200000000004,2.899020000000001,2,4,6,67.79,5,0.8332952755109033
c1(NC(=O)c2c(=O)n(-c3ccccc3)[nH]c2)ccc(Oc2ccnc3ccccc23)cc1,CC(NC(=O)CNC(=O)NCc1ccc(F)cc1)c1ccccc1,329.37500000000006,2.502300000000001,3,2,5,70.23,6,0.7619552419740917
c1(NC(=O)c2c(=O)n(-c3ccccc3)[nH]c2)ccc(Oc2ccnc3ccccc23)cc1,CCc1ccc(OCC(=O)Nc2ccccc2NC(C)=O)cc1,312.3690000000001,3.2249000000000017,2,3,5,67.43,6,0.8603084257690657
c1(NC(=O)c2c(=O)n(-c3ccccc3)[nH]c2)ccc(Oc2ccnc3ccccc23)cc1,COc1cccc(CNS(=O)(=O)c2ccc(NC(C)=O)cc2)c1,334.39700000000005,2.1321000000000003,2,4,6,84.5,6,0.8474354119704719
c1(NC(=O)c2c(=O)n(-c3ccccc3)[nH]c2)ccc(Oc2ccnc3ccccc23)cc1,CCC(=O)Nc1ccc(OCC(=O)Nc2ccc(F)c(F)c2F)cc1,352.312,3.4699000000000018,2,3,5,67.42999999999999,6,0.7825374717735034
c1(NC(=O)c2c(=O)n(-c3ccccc3)[nH]c2)ccc(Oc2ccnc3ccccc23)cc1,CCOc1ccccc1NS(=O)(=O)c1ccc2c(c1)NC(=O)CS2,364.4480000000001,2.930300000000001,2,5,7,84.5,5,0.8520836454858914
c1(NC(=O)c2c(=O)n(-c3ccccc3)[nH]c2)ccc(Oc2ccnc3ccccc23)cc1,CCOC(=O)C1=C(C)NC(=O)NC1c1ccc(C#N)c(Cl)c1,319.74800000000005,2.40268,2,4,6,91.22,3,0.8368474018096778
c1(NC(=O)c2c(=O)n(-c3ccccc3)[nH]c2)ccc(Oc2ccnc3ccccc23)cc1,CCOc1ccc(C2N=C(O)c3c(sc4c3CCCC4)N2)cc1OCC,372.4900000000002,4.853200000000004,2,5,7,63.08,5,0.7871936006465903
c1(NC(=O)c2c(=O)n(-c3ccccc3)[nH]c2)ccc(Oc2ccnc3ccccc23)cc1,CCOc1ccc(S(=O)(=O)Nc2ccc(C)cc2)cc1NC(C)=O,348.4240000000001,3.152920000000001,2,4,6,84.5,6,0.8397128526746707
c1(NC(=O)c2c(=O)n(-c3ccccc3)[nH]c2)ccc(Oc2ccnc3ccccc23)cc1,COCC(=O)Nc1cc(NC(=O)c2ccccc2Cl)ccc1C,332.78700000000003,3.4856200000000017,2,3,5,67.43,5,0.8803900213873236
c1(NC(=O)c2c(=O)n(-c3ccccc3)[nH]c2)ccc(Oc2ccnc3ccccc23)cc1,CCCn1c(SC(C)C(=O)NC2C=Cc3ccccc32)n[nH]c1=O,344.44000000000005,2.3463000000000003,2,5,7,79.78,6,0.7884899943392546
c1(NC(=O)c2c(=O)n(-c3ccccc3)[nH]c2)ccc(Oc2ccnc3ccccc23)cc1,Cc1cc(NC(=O)C(NC(=O)c2cccs2)C(C)C)no1,307.37500000000006,2.437620000000001,2,5,7,84.23,5,0.8882835834436972
c1(NC(=O)c2c(=O)n(-c3ccccc3)[nH]c2)ccc(Oc2ccnc3ccccc23)cc1,Cc1ccc(-c2n[nH]c(NC(=O)C(C)Oc3ccccc3)n2)cc1,322.36800000000005,3.1861200000000016,2,4,6,79.9,5,0.7558258198473086
c1(NC(=O)c2c(=O)n(-c3ccccc3)[nH]c2)ccc(Oc2ccnc3ccccc23)cc1,CC(NC(=O)CC(NC(N)=O)c1ccccc1)c1ccc(F)cc1,329.375,2.802600000000001,3,2,5,84.22,6,0.7611860053410489
c1(NC(=O)c2c(=O)n(-c3ccccc3)[nH]c2)ccc(Oc2ccnc3ccccc23)cc1,Cc1ccc(O)c(C(=O)NCC(=O)Nc2cccc(C)c2C)c1,312.3690000000001,2.6859600000000006,3,3,6,78.43,4,0.8119438777502702
c1(NC(=O)c2c(=O)n(-c3ccccc3)[nH]c2)ccc(Oc2ccnc3ccccc23)cc1,CCC(C)(C)C(=O)Nc1cccc(NC(=O)c2ccncc2)c1,311.385,3.7086000000000015,2,3,5,71.09,5,0.8839621573970299
c1(NC(=O)c2c(=O)n(-c3ccccc3)[nH]c2)ccc(Oc2ccnc3ccccc23)cc1,Cc1ccc(NC(=O)CC2Oc3ccc(C)cc3NC2=O)cc1,310.35300000000007,3.031740000000001,2,3,5,67.43,3,0.9154152034901941
c1(NC(=O)c2c(=O)n(-c3ccccc3)[nH]c2)ccc(Oc2ccnc3ccccc23)cc1,CC(=O)OC(C(=O)Nc1ccc(C(N)=O)cc1)c1ccccc1,312.325,2.0283999999999995,2,4,6,98.49000000000001,5,0.8251773711108978
c1(NC(=O)c2c(=O)n(-c3ccccc3)[nH]c2)ccc(Oc2ccnc3ccccc23)cc1,CCOC(=O)c1ccc(NC(=O)Nc2ccc(OC)nc2)cc1,315.329,2.9109000000000016,2,5,7,89.55,5,0.8280656185605053
c1(NC(=O)c2c(=O)n(-c3ccccc3)[nH]c2)ccc(Oc2ccnc3ccccc23)cc1,Cc1ccc(NC(=O)Nc2nnc(N3CCCC3)s2)cc1,303.39099999999996,3.090720000000002,2,5,7,70.14999999999999,3,0.9138559278985144
c1(NC(=O)c2c(=O)n(-c3ccccc3)[nH]c2)ccc(Oc2ccnc3ccccc23)cc1,COc1ccccc1NC(=O)Cc1csc(NC(=O)C2CC2)n1,331.3970000000001,2.681400000000001,2,5,7,80.32000000000001,6,0.8526603539820827
C1CCC1n1ncc(-c2nc(-c3cn[nH]c3)cn3c2ccn3)c1,Cc1sc(NC(=O)CSc2ccccc2)c(C(N)=O)c1C,320.43900000000014,3.1946400000000006,2,4,6,72.19,5,0.8310539721268155
C1CCC1n1ncc(-c2nc(-c3cn[nH]c3)cn3c2ccn3)c1,Cc1ccc(S(=O)(=O)NCCCNC(=O)c2ccccc2)cc1,332.425,2.09342,2,3,5,75.27000000000001,7,0.7625061918211249
C1CCC1n1ncc(-c2nc(-c3cn[nH]c3)cn3c2ccn3)c1,Cc1cc(=O)[nH]c(Nc2cc(Cl)ccc2OCC(F)(F)F)n1,333.697,3.4164200000000013,2,4,6,67.01,4,0.899411871913398
C1CCC1n1ncc(-c2nc(-c3cn[nH]c3)cn3c2ccn3)c1,CC(=O)Nc1ccc(SC(C)C(=O)Nc2c(C)nn(C)c2C)cc1,346.4560000000001,3.1146400000000014,2,5,7,76.02000000000001,5,0.8157739672587003
C1CCC1n1ncc(-c2nc(-c3cn[nH]c3)cn3c2ccn3)c1,CC(C)C(NC(=O)c1ccccc1F)C(=O)Nc1cnccn1,316.336,2.0088,2,4,6,83.98,5,0.8835606806269213
C1CCC1n1ncc(-c2nc(-c3cn[nH]c3)cn3c2ccn3)c1,Cc1ccc(Nc2nc(N)nc(COc3ccccc3)n2)cc1,307.357,3.0848200000000014,2,6,8,85.95,5,0.7530784854676219
C1CCC1n1ncc(-c2nc(-c3cn[nH]c3)cn3c2ccn3)c1,COc1cccc(NC(=O)c2nnn(-c3ccccc3)c2N)c1,309.32900000000006,2.1103999999999994,2,6,8,95.05999999999999,4,0.7693511006038227
C1CCC1n1ncc(-c2nc(-c3cn[nH]c3)cn3c2ccn3)c1,CCn1nc(C)cc1C(=O)Nc1sc2c(c1C(N)=O)CCC(C)C2,346.4560000000002,2.748920000000001,2,5,7,90.00999999999999,4,0.8917172271871037
C1CCC1n1ncc(-c2nc(-c3cn[nH]c3)cn3c2ccn3)c1,COc1ccc(NC(C)=O)cc1NC(C)C(=O)N(C)Cc1ccccc1,355.4380000000001,3.1126000000000014,2,4,6,70.67,7,0.8005458137889897
C1CCC1n1ncc(-c2nc(-c3cn[nH]c3)cn3c2ccn3)c1,CC(Oc1ccc(F)cc1)C(=O)Nc1cc(C(N)=O)ccc1Cl,336.75,2.984,2,3,5,81.41999999999999,5,0.8802832670753324
C1CCC1n1ncc(-c2nc(-c3cn[nH]c3)cn3c2ccn3)c1,CCCn1c(SC(C)C(=O)Nc2ccc(CC)cc2)n[nH]c1=O,334.445,2.6631,2,5,7,79.78,7,0.7630134096136768
C1CCC1n1ncc(-c2nc(-c3cn[nH]c3)cn3c2ccn3)c1,CC(C)=C(NC(=O)Nc1ccccc1Cl)C(=O)N1CCCC1,321.80800000000016,3.3778000000000024,2,2,4,61.440000000000005,3,0.8383558258821451
C1CCC1n1ncc(-c2nc(-c3cn[nH]c3)cn3c2ccn3)c1,CCOc1ccccc1NS(=O)(=O)c1ccc2c(c1)CCC(=O)N2,346.40800000000013,2.7708000000000004,2,4,6,84.5,5,0.871745815614546
C1CCC1n1ncc(-c2nc(-c3cn[nH]c3)cn3c2ccn3)c1,CC(C)C(C)NS(=O)(=O)c1ccc(NC(=O)C2CCCO2)cc1,340.44500000000016,2.1269,2,4,6,84.50000000000001,6,0.8306771624273585
C1CCC1n1ncc(-c2nc(-c3cn[nH]c3)cn3c2ccn3)c1,CC(=O)Nc1ccc(S(=O)(=O)NCCc2cccc(C)c2)cc1,332.425,2.4744200000000003,2,3,5,75.27,6,0.8531444963713881
C1CCC1n1ncc(-c2nc(-c3cn[nH]c3)cn3c2ccn3)c1,CC(=O)NC(C(=O)Nc1nnc(C2CCCCC2)s1)C(C)C,324.45,2.6850000000000005,2,5,7,83.98,5,0.8719387130587802
C1CCC1n1ncc(-c2nc(-c3cn[nH]c3)cn3c2ccn3)c1,Cc1cc(NC(C)C(=O)Nc2ccccc2)ccc1N1CCCC1=O,337.4230000000002,3.560920000000002,2,3,5,61.440000000000005,5,0.8768031547846006
C1CCC1n1ncc(-c2nc(-c3cn[nH]c3)cn3c2ccn3)c1,CCC(C)(O)c1nnn(-c2cccc(C(F)(F)F)c2)c1N,300.28400000000005,2.4858,2,5,7,76.96000000000001,3,0.9126853045571593
C1CCC1n1ncc(-c2nc(-c3cn[nH]c3)cn3c2ccn3)c1,COc1cccc(NC(=O)NCc2ccc3c(c2)OCO3)c1,300.3140000000001,2.7456000000000005,2,4,6,68.82000000000001,4,0.9107043340438594
C1CCC1n1ncc(-c2nc(-c3cn[nH]c3)cn3c2ccn3)c1,COc1ccc(NC(=O)CC(C)C)cc1S(=O)(=O)NC(C)C,328.434,2.3665000000000003,2,4,6,84.5,7,0.804557444593904
C1CCC1n1ncc(-c2nc(-c3cn[nH]c3)cn3c2ccn3)c1,COc1ccc(C(=O)Nc2ccc(NC(C)=O)cc2)c(OC)c1OC,344.36700000000013,2.9231000000000007,2,5,7,85.89000000000001,6,0.8413961820677622
C1CCC1n1ncc(-c2nc(-c3cn[nH]c3)cn3c2ccn3)c1,COc1c(S(=O)(=O)Nc2ccccc2)cc(C)c(C#N)c1O,318.3540000000001,2.381700000000001,2,5,7,99.42,4,0.9013384000918181
C1CCC1n1ncc(-c2nc(-c3cn[nH]c3)cn3c2ccn3)c1,CC(C(=O)Nc1ccc(F)c(F)c1)n1c(=O)[nH]c2ccccc2c1=O,345.30500000000006,2.1677,2,4,6,83.96000000000001,3,0.7629829319476733
C1CCC1n1ncc(-c2nc(-c3cn[nH]c3)cn3c2ccn3)c1,Cc1ccc(C(=O)Nc2ccc(NC(=O)C(C)C)cn2)c(F)c1,315.348,3.3759200000000016,2,3,5,71.09,4,0.9083718124388825
C1CCC1n1ncc(-c2nc(-c3cn[nH]c3)cn3c2ccn3)c1,Cc1nc2ccccc2cc1C(=O)Nc1ccc(S(N)(=O)=O)cc1,341.39200000000005,2.44292,2,4,6,102.15,3,0.7635461775181223
C1CCC1n1ncc(-c2nc(-c3cn[nH]c3)cn3c2ccn3)c1,CC(=O)Nc1ccc2nc(NC(=O)COc3ccccc3)oc2c1,325.324,2.803700000000001,2,5,7,93.46000000000001,5,0.7521356842699807
C1CCC1n1ncc(-c2nc(-c3cn[nH]c3)cn3c2ccn3)c1,COc1ccccc1NC(=O)NCC(=O)Nc1ccccc1C,313.357,2.763820000000001,3,3,6,79.46000000000001,5,0.7938638505029548
C1CCC1n1ncc(-c2nc(-c3cn[nH]c3)cn3c2ccn3)c1,COc1ccc(C(=O)NCc2ccc(NC(=O)C3CC3)cc2)cc1F,342.3700000000001,3.112800000000002,2,3,5,67.43,6,0.8475322797939231
C1CCC1n1ncc(-c2nc(-c3cn[nH]c3)cn3c2ccn3)c1,CCNC(=O)c1cccc(NC(=O)C(C)Oc2cccc(C)c2)c1,326.396,3.1507200000000024,2,3,5,67.43,6,0.8567132867385024
C1CCC1n1ncc(-c2nc(-c3cn[nH]c3)cn3c2ccn3)c1,CCC(CO)Nc1ncnc2c1cnn2-c1cccc(Cl)c1,317.78,2.651700000000001,2,6,8,75.86000000000001,5,0.7563232435353809
C1CCC1n1ncc(-c2nc(-c3cn[nH]c3)cn3c2ccn3)c1,CC(=O)Nc1ccc(SCC(=O)Nc2nnc(C)s2)cc1,322.415,2.5357200000000004,2,6,8,83.98,5,0.826495812943349
C(c1nccs1)Oc1ccc(Nc2c3c(ncn2)ccc(NC2=NCCO2)c3)cc1,Cc1nc(NCc2ccccn2)[nH]c(=O)c1-c1ccc(Cl)cc1,326.78700000000003,3.405820000000001,2,4,6,70.67,4,0.7704971194113133
C(c1nccs1)Oc1ccc(Nc2c3c(ncn2)ccc(NC2=NCCO2)c3)cc1,CC(=O)Nc1ccc2nc(NC(=O)c3ccc(C#N)cc3)oc2c1,320.30800000000005,2.9101800000000004,2,5,7,108.02,3,0.7710672062530012
C(c1nccs1)Oc1ccc(Nc2c3c(ncn2)ccc(NC2=NCCO2)c3)cc1,Cc1ccc(CNC(=O)c2n[nH]c(=O)c3ccccc23)cc1F,311.3160000000001,2.3006200000000003,2,3,5,74.85,3,0.7791524640405695
C(c1nccs1)Oc1ccc(Nc2c3c(ncn2)ccc(NC2=NCCO2)c3)cc1,Cc1cnc(NC(=O)c2ccc3c(c2)NC(=O)C(C)S3)s1,319.411,3.136520000000001,2,5,7,71.09,2,0.891884256756857
C(c1nccs1)Oc1ccc(Nc2c3c(ncn2)ccc(NC2=NCCO2)c3)cc1,CCc1cccc2c(CN(C)C(=O)c3ccc(NC)nc3)c[nH]c12,322.412,3.4392000000000014,2,3,5,61.02,5,0.7562563076708928
C(c1nccs1)Oc1ccc(Nc2c3c(ncn2)ccc(NC2=NCCO2)c3)cc1,COc1ccccc1NC(=O)NCc1cccc(NC(=O)C2CC2)c1,339.3950000000001,3.365400000000001,3,3,6,79.46000000000001,6,0.7548145878234601
C(c1nccs1)Oc1ccc(Nc2c3c(ncn2)ccc(NC2=NCCO2)c3)cc1,Cc1cccc(OC(C)C(=O)Nc2cccc(C(N)=O)c2)c1C,312.3690000000001,2.8083400000000003,2,3,5,81.41999999999999,5,0.8904243963485131
C(c1nccs1)Oc1ccc(Nc2c3c(ncn2)ccc(NC2=NCCO2)c3)cc1,CCC(C)NC(=O)c1cccc(S(=O)(=O)Nc2ccccc2)c1,332.425,3.0157000000000007,2,3,5,75.27,6,0.8536270219055236
C(c1nccs1)Oc1ccc(Nc2c3c(ncn2)ccc(NC2=NCCO2)c3)cc1,CC(=O)Nc1ccc(-c2csc(Nc3cccnc3)n2)cc1,310.382,3.9071000000000016,2,5,7,66.91,4,0.7665247750610988
C(c1nccs1)Oc1ccc(Nc2c3c(ncn2)ccc(NC2=NCCO2)c3)cc1,Cc1ccc(C(=O)OC(C)C(=O)Nc2sccc2C(N)=O)s1,338.4100000000001,2.40092,2,6,8,98.49000000000001,5,0.817851496382944
C(c1nccs1)Oc1ccc(Nc2c3c(ncn2)ccc(NC2=NCCO2)c3)cc1,CNc1snc(C)c1C(=O)N(CCCO)c1ccccc1,305.40299999999996,2.5224200000000003,2,5,7,65.46000000000001,6,0.8604785871088029
C(c1nccs1)Oc1ccc(Nc2c3c(ncn2)ccc(NC2=NCCO2)c3)cc1,COc1ccc(C(=O)Nc2ccc(S(=O)(=O)NC(C)C)cc2)cn1,349.4120000000001,2.0292,2,5,7,97.39,6,0.8315083192086029
C(c1nccs1)Oc1ccc(Nc2c3c(ncn2)ccc(NC2=NCCO2)c3)cc1,COc1ccc(Cl)cc1NCC(=O)Nn1cnc2ccccc21,330.7750000000001,2.8805000000000005,2,5,7,68.18,5,0.7545173410070763
C(c1nccs1)Oc1ccc(Nc2c3c(ncn2)ccc(NC2=NCCO2)c3)cc1,COc1ccc(NC(C)=O)cc1NC(=O)CN(C)c1ccccc1,327.384,2.7285000000000004,2,4,6,70.67,6,0.8556990644146952
C(c1nccs1)Oc1ccc(Nc2c3c(ncn2)ccc(NC2=NCCO2)c3)cc1,CCc1ccc(OCC(=O)Nc2cccc(C(=O)NC3CC3)c2)cc1,338.4070000000001,3.1587000000000014,2,3,5,67.42999999999999,7,0.8147721537792854
C(c1nccs1)Oc1ccc(Nc2c3c(ncn2)ccc(NC2=NCCO2)c3)cc1,COc1ccc(OCC(=O)Nc2cc(NC(C)=O)ccc2OC)cc1,344.3670000000001,2.6797000000000004,2,5,7,85.89,7,0.8064323844131552
C(c1nccs1)Oc1ccc(Nc2c3c(ncn2)ccc(NC2=NCCO2)c3)cc1,CC(=O)N1CCc2cc(NC(C)C(=O)NCc3ccco3)ccc21,327.38400000000007,2.3053999999999997,2,4,6,74.58000000000001,5,0.883569559849263
C(c1nccs1)Oc1ccc(Nc2c3c(ncn2)ccc(NC2=NCCO2)c3)cc1,COc1ccc(Nc2ncnc3sc(C(N)=O)c(C)c23)cc1,314.37000000000006,2.8508200000000006,2,6,8,90.13,4,0.7725362233787296
C(c1nccs1)Oc1ccc(Nc2c3c(ncn2)ccc(NC2=NCCO2)c3)cc1,CC(NC(=O)COc1ccccc1F)c1nc2ccccc2[nH]1,313.332,2.9582000000000006,2,3,5,67.00999999999999,5,0.7608002611691382
C(c1nccs1)Oc1ccc(Nc2c3c(ncn2)ccc(NC2=NCCO2)c3)cc1,CC(=O)c1ccc(NCC(=O)Nc2ccc3c(c2)OCCCO3)cc1,340.3790000000002,3.1011000000000015,2,5,7,76.66000000000001,5,0.8180832287386078
C(c1nccs1)Oc1ccc(Nc2c3c(ncn2)ccc(NC2=NCCO2)c3)cc1,COc1ccc(NC(=O)c2ccc(NC(N)=O)cc2)cc1Cl,319.74800000000005,3.0915,3,3,6,93.44999999999999,4,0.8079554819409024
C(c1nccs1)Oc1ccc(Nc2c3c(ncn2)ccc(NC2=NCCO2)c3)cc1,CCS(=O)(=O)Nc1ccc(NC(=O)c2ccccc2F)cc1,322.36100000000005,2.839600000000001,2,3,5,75.27000000000001,5,0.8885933538404726
C(c1nccs1)Oc1ccc(Nc2c3c(ncn2)ccc(NC2=NCCO2)c3)cc1,CCOC(=O)C1=C(C)NC(=O)NC1c1ccc(Cl)cc1Cl,329.1830000000001,3.184400000000001,2,3,5,67.42999999999999,3,0.8371413187773017
C(c1nccs1)Oc1ccc(Nc2c3c(ncn2)ccc(NC2=NCCO2)c3)cc1,CC1CCCCC1NC(=O)c1cccc(NC(=O)c2ccco2)c1,326.3960000000001,3.8404000000000025,2,3,5,71.34,4,0.8964606043352246
C(c1nccs1)Oc1ccc(Nc2c3c(ncn2)ccc(NC2=NCCO2)c3)cc1,CC(OC(=O)c1ccc(O)cc1)C(=O)Nc1ccc(Cl)cn1,320.732,2.6246,2,5,7,88.52,4,0.8453459504354948
C(c1nccs1)Oc1ccc(Nc2c3c(ncn2)ccc(NC2=NCCO2)c3)cc1,Cc1cc(C)cc(C(=O)NCC(=O)Nc2nc(CC#N)cs2)c1,328.397,2.19452,2,5,7,94.88,5,0.8793389346508645
C(c1nccs1)Oc1ccc(Nc2c3c(ncn2)ccc(NC2=NCCO2)c3)cc1,COc1cccc(C(=O)Nc2nc(C(=O)NC(C)C)cs2)c1,319.386,2.5422000000000002,2,5,7,80.32,5,0.8872844036513842
C(c1nccs1)Oc1ccc(Nc2c3c(ncn2)ccc(NC2=NCCO2)c3)cc1,CNS(=O)(=O)c1ccc(C(=O)Nc2ccc(C(F)(F)F)cc2)cc1,358.341,2.865800000000001,2,3,5,75.27,4,0.8825029459865477
C(c1nccs1)Oc1ccc(Nc2c3c(ncn2)ccc(NC2=NCCO2)c3)cc1,COc1ccc(CC(=O)Nc2ccc3c(c2)CCC(=O)N3)cc1,310.35299999999995,2.7611000000000008,2,3,5,67.42999999999999,4,0.912223958927194
C(c1nccs1)Oc1ccc(Nc2c3c(ncn2)ccc(NC2=NCCO2)c3)cc1,CCCC(=O)Nc1ccc(NC(=O)c2ccco2)c(OC)c1,302.33000000000004,3.2791000000000015,2,4,6,80.57000000000001,6,0.8577588622342027
C(c1nccs1)Oc1ccc(Nc2c3c(ncn2)ccc(NC2=NCCO2)c3)cc1,CCOC(=O)c1csc(NC(=O)Nc2ccccc2OC)n1,321.35800000000006,2.9724000000000013,2,6,8,89.55,5,0.8263977892108099
C(c1nccs1)Oc1ccc(Nc2c3c(ncn2)ccc(NC2=NCCO2)c3)cc1,CCOc1cc(C2CC(=O)Nc3cc4c(cc32)OCO4)ccc1O,327.33600000000007,2.993700000000002,2,5,7,77.02000000000001,3,0.9060833458800363
C(c1nccs1)Oc1ccc(Nc2c3c(ncn2)ccc(NC2=NCCO2)c3)cc1,Cn1ncc(NC(=O)c2ccc(Cl)c(Cl)c2)c1C(N)=O,313.1440000000001,2.0780999999999996,2,4,6,90.00999999999999,3,0.9087334688896223
C(c1nccs1)Oc1ccc(Nc2c3c(ncn2)ccc(NC2=NCCO2)c3)cc1,COc1ccc(S(=O)(=O)NC(C)C)cc1NC(=O)c1ccco1,338.3850000000001,2.2272,2,5,7,97.64,6,0.8415295469923418
C(c1nccs1)Oc1ccc(Nc2c3c(ncn2)ccc(NC2=NCCO2)c3)cc1,CCNS(=O)(=O)c1ccc(C)c(C(=O)NC2CCCc3ccccc32)c1,372.4900000000001,3.100620000000002,2,3,5,75.27,5,0.8467772214989682
C(c1nccs1)Oc1ccc(Nc2c3c(ncn2)ccc(NC2=NCCO2)c3)cc1,CCCC(=O)Nc1ccccc1C(=O)Nc1ccc(OC)cc1,312.369,3.6861000000000024,2,3,5,67.43,6,0.8546099561601965
C(c1nccs1)Oc1ccc(Nc2c3c(ncn2)ccc(NC2=NCCO2)c3)cc1,CNC(=O)c1c(NC(=O)C2CCCO2)sc2c1CCCCC2,322.4300000000002,2.4941000000000004,2,4,6,67.43,3,0.8402922340685769
C(c1nccs1)Oc1ccc(Nc2c3c(ncn2)ccc(NC2=NCCO2)c3)cc1,CCCc1noc(CNC(=O)c2ccc3ccccc3c2O)n1,311.34100000000007,2.8109000000000015,2,5,7,88.25,5,0.7561482885621069
C(c1nccs1)Oc1ccc(Nc2c3c(ncn2)ccc(NC2=NCCO2)c3)cc1,CCC(C(=O)Nc1ccc(F)cc1F)n1c(N)nnc1SC,327.36,2.4502000000000006,2,6,8,85.83,5,0.8239700007087317
C(c1nccs1)Oc1ccc(Nc2c3c(ncn2)ccc(NC2=NCCO2)c3)cc1,Cc1ccc(C(=O)Nc2ccc(OCC(N)=O)cc2)c(Cl)c1,318.76,2.7648200000000003,2,3,5,81.41999999999999,5,0.8890281858194571
C(c1nccs1)Oc1ccc(Nc2c3c(ncn2)ccc(NC2=NCCO2)c3)cc1,Cc1cc(C)cc(NC(=O)COC(=O)C2(O)CCCCC2)c1,305.3740000000001,2.48034,2,4,6,75.63,4,0.8379972059955201
C(c1nccs1)Oc1ccc(Nc2c3c(ncn2)ccc(NC2=NCCO2)c3)cc1,CC(Sc1nncs1)C(=O)Nc1ccccc1C(=O)NC1CC1,348.45300000000015,2.5496000000000008,2,6,8,83.98,6,0.7839370920851795
C(c1nccs1)Oc1ccc(Nc2c3c(ncn2)ccc(NC2=NCCO2)c3)cc1,CCOc1ccccc1C(=O)NCC(=O)Nc1c(C)cccc1C,326.396,3.070640000000001,2,3,5,67.42999999999999,6,0.8570909204311723
C(c1nccs1)Oc1ccc(Nc2c3c(ncn2)ccc(NC2=NCCO2)c3)cc1,COc1ccccc1NC(=O)CC1Oc2ccccc2NC1=O,312.32500000000005,2.4234999999999998,2,4,6,76.66,4,0.908790779706633
c1c(Nc2nccc(Oc3cc4cc[nH]c4cc3)n2)cccc1,CCNC(=O)Cc1csc(NC(=O)Nc2ccc(C)c(C)c2)n1,332.4290000000001,3.0825400000000016,3,4,7,83.12,5,0.7866089229284988
c1c(Nc2nccc(Oc3cc4cc[nH]c4cc3)n2)cccc1,Cc1ccc(NC(=O)Nc2nc(CC(=O)N(C)C)cs2)cc1,318.402,2.7262200000000005,2,4,6,74.33,4,0.910001192204296
c1c(Nc2nccc(Oc3cc4cc[nH]c4cc3)n2)cccc1,Cc1nc2ccccn2c(=O)c1NC(=O)Nc1ccccc1F,312.304,2.7860200000000006,2,4,6,75.5,2,0.7637699564628381
c1c(Nc2nccc(Oc3cc4cc[nH]c4cc3)n2)cccc1,Cc1ccc(NC(=O)c2ccco2)c(NC(=O)c2ccccn2)c1,321.336,3.4876200000000006,2,4,6,84.23,4,0.7701729992983224
c1c(Nc2nccc(Oc3cc4cc[nH]c4cc3)n2)cccc1,CCc1ccccc1NC(=O)CNC(=O)c1ccc(NC(C)=O)cc1,339.39500000000004,2.5759000000000007,3,3,6,87.30000000000001,6,0.7557621137412079
c1c(Nc2nccc(Oc3cc4cc[nH]c4cc3)n2)cccc1,CC(=O)Nc1ccc(NC(=O)CNC(=O)c2ccccc2C)cc1,325.36800000000005,2.3219199999999995,3,3,6,87.30000000000001,5,0.7882058725093005
c1c(Nc2nccc(Oc3cc4cc[nH]c4cc3)n2)cccc1,Cc1ccc(Cl)c(OCC(=O)Nc2ccccc2C(N)=O)c1,318.7600000000001,2.7648200000000003,2,3,5,81.41999999999999,5,0.8890281858194571
c1c(Nc2nccc(Oc3cc4cc[nH]c4cc3)n2)cccc1,CC(=O)Nc1ccc(S(=O)(=O)Nc2cccc(O)c2)cc1,306.343,2.1513999999999998,3,4,7,95.5,4,0.8062097910818227
c1c(Nc2nccc(Oc3cc4cc[nH]c4cc3)n2)cccc1,CCCCn1c(N)c(N(CC(C)C)C(=O)c2ccoc2C)c(=O)[nH]c1=O,362.4300000000001,2.12312,2,6,8,114.32999999999998,7,0.7828545081429317
c1c(Nc2nccc(Oc3cc4cc[nH]c4cc3)n2)cccc1,Cc1cc(NC(=O)CNc2cccc(Br)c2)no1,310.151,2.79612,2,4,6,67.16,4,0.9110601287776074
c1c(Nc2nccc(Oc3cc4cc[nH]c4cc3)n2)cccc1,CCCC(=O)Nc1ccc(NC(=O)c2cnn(CC)c2)cc1,300.362,2.8939000000000012,2,4,6,76.02000000000001,6,0.8609148249727291
c1c(Nc2nccc(Oc3cc4cc[nH]c4cc3)n2)cccc1,CNC(=O)c1cc(S(=O)(=O)Nc2cccc(Cl)c2)c(C)s1,344.845,2.8703200000000013,2,4,6,75.27,4,0.8950571497852928
c1c(Nc2nccc(Oc3cc4cc[nH]c4cc3)n2)cccc1,CC(NC(=O)CNC(=O)NCc1ccccc1)c1ccccc1,311.38500000000005,2.3632,3,2,5,70.23,6,0.7662667231720962
c1c(Nc2nccc(Oc3cc4cc[nH]c4cc3)n2)cccc1,COc1ccc(NC(=O)NCCc2cc(C)ccc2OC)cn1,315.37300000000005,2.771420000000001,2,4,6,72.48,6,0.8595487201060045
c1c(Nc2nccc(Oc3cc4cc[nH]c4cc3)n2)cccc1,CNC(=O)c1ccccc1NC(=O)COc1ccc(Cl)cc1C,332.78700000000003,3.025520000000001,2,3,5,67.43,5,0.8840264094707005
c1c(Nc2nccc(Oc3cc4cc[nH]c4cc3)n2)cccc1,CC(C)(C)c1ccc(C(=O)NCC(=O)Nc2cccc(C#N)c2)cc1,335.40700000000004,3.224280000000001,2,3,5,81.99000000000001,4,0.8997870805732978
c1c(Nc2nccc(Oc3cc4cc[nH]c4cc3)n2)cccc1,COC(=O)C(CC(C)C)NC(=O)NCc1cccc(OC)c1,308.37800000000004,2.0820999999999996,2,4,6,76.66,7,0.7561747529527624
c1c(Nc2nccc(Oc3cc4cc[nH]c4cc3)n2)cccc1,CNC(=O)c1ccccc1NC(=O)COc1ccccc1Cl,318.76,2.717100000000001,2,3,5,67.43,5,0.8904141421570975
c1c(Nc2nccc(Oc3cc4cc[nH]c4cc3)n2)cccc1,CC(=O)Nc1ccc(OC(C)C(=O)Nc2ccc(C#N)cc2)cc1,323.35200000000003,2.9226800000000006,2,4,6,91.22,5,0.8847692056949792
c1c(Nc2nccc(Oc3cc4cc[nH]c4cc3)n2)cccc1,CNC(=O)c1cccc(NC(=O)c2ccc3ccccc3n2)c1,305.337,2.846700000000001,2,3,5,71.09,3,0.7813711953995427
c1c(Nc2nccc(Oc3cc4cc[nH]c4cc3)n2)cccc1,CCOc1ccc(CNS(=O)(=O)c2ccc(N)cc2)cc1,306.387,2.146,2,4,6,81.42,6,0.8012292658810318
c1c(Nc2nccc(Oc3cc4cc[nH]c4cc3)n2)cccc1,CCC(CNC(=O)c1csc(NC(C)=O)n1)c1ccccc1,317.414,3.025100000000002,2,4,6,71.09,6,0.860040050832836
c1c(Nc2nccc(Oc3cc4cc[nH]c4cc3)n2)cccc1,CCc1ccccc1NC(=O)c1sc2nc[nH]c(=O)c2c1C,313.3820000000001,3.1077200000000005,2,4,6,74.85,3,0.7799215134317802
c1c(Nc2nccc(Oc3cc4cc[nH]c4cc3)n2)cccc1,Cc1cccc(NS(=O)(=O)c2ccc3c(c2)CC(=O)N3)c1,302.355,2.29042,2,3,5,75.27,3,0.9131334661803151
c1c(Nc2nccc(Oc3cc4cc[nH]c4cc3)n2)cccc1,COc1cc(C(=O)NCC(=O)Nc2ccc(C)cc2C)ccc1OC(F)F,378.3750000000001,3.2819400000000014,2,4,6,76.66,7,0.7752732469839121
c1c(Nc2nccc(Oc3cc4cc[nH]c4cc3)n2)cccc1,COCCOc1ccc(C(=O)Nc2cccc(NC(C)=O)c2)cc1,328.3680000000001,2.922500000000001,2,4,6,76.66,7,0.7662864585237482
c1c(Nc2nccc(Oc3cc4cc[nH]c4cc3)n2)cccc1,CNC(=O)c1ccc(NC(=O)c2cc(-c3csc(C)n3)cn2C)cc1,354.43500000000006,3.068920000000002,2,5,7,76.02000000000001,4,0.7559198044383885
c1c(Nc2nccc(Oc3cc4cc[nH]c4cc3)n2)cccc1,C#Cc1cccc(NC(=O)CCNS(=O)(=O)c2cccs2)c1,334.42199999999997,2.0365,2,4,6,75.27000000000001,6,0.7939231521823479
c1c(Nc2nccc(Oc3cc4cc[nH]c4cc3)n2)cccc1,COC(=O)c1cc(NC(=O)Nc2ccccc2)c(=O)oc1C,302.2860000000001,2.37882,2,5,7,97.64,3,0.8482514546317136
c1c(Nc2nccc(Oc3cc4cc[nH]c4cc3)n2)cccc1,CNS(=O)(=O)c1cc(C(=O)Nc2cccc(F)c2)cc(C)c1C,336.3880000000001,2.6029400000000003,2,3,5,75.27,4,0.9010308638738431
c1c(Nc2nccc(Oc3cc4cc[nH]c4cc3)n2)cccc1,COc1ccc(NC(=O)N2c3ccccc3CC2C(N)=O)cc1,311.341,2.1437,2,3,5,84.66,3,0.9105029161953956
c1c(Nc2nccc(Oc3cc4cc[nH]c4cc3)n2)cccc1,Cc1cc(NC(=O)CNc2ccccc2N2CCCC2=O)no1,314.3450000000001,2.1604200000000002,2,5,7,87.47000000000001,5,0.8827929461974598
c1c(Nc2nccc(Oc3cc4cc[nH]c4cc3)n2)cccc1,COc1ccc(N)cc1NC(=O)C(C)Oc1ccc(Cl)c(C)c1,334.8030000000001,3.645220000000002,2,4,6,73.58,5,0.8185382665534032
c1c(Nc2nccc(Oc3cc4cc[nH]c4cc3)n2)cccc1,CCOC(=O)c1sc2cc(NC(=O)C3CCC3)ccc2c1N,318.398,3.3988000000000014,2,5,7,81.42,4,0.846578068902602
c1c(Nc2nccc(Oc3cc4cc[nH]c4cc3)n2)cccc1,Cc1sc(NC(=O)Nc2ccccc2)c(C(=O)OC(C)C)c1C,332.4250000000001,4.574140000000003,2,4,6,67.43,4,0.8056937368198969
c1c(Nc2nccc(Oc3cc4cc[nH]c4cc3)n2)cccc1,CC(=O)Nc1cccc(NC(=O)Nc2cccc(C(C)=O)c2)c1,311.341,3.491600000000001,3,3,6,87.30000000000001,4,0.7552469481564121
c1c(Nc2nccc(Oc3cc4cc[nH]c4cc3)n2)cccc1,CC(=O)Nc1ccc(S(=O)(=O)NC(C)c2ccc(C)cc2)cc1,332.42500000000007,2.9929200000000016,2,3,5,75.27,5,0.8836290584641783
c1c(Nc2nccc(Oc3cc4cc[nH]c4cc3)n2)cccc1,Cc1cc(C)c(C)c(S(=O)(=O)Nc2ccc(C(N)=O)cc2)c1C,332.42500000000007,2.819980000000001,2,3,5,89.25999999999999,4,0.9019338526360052
